{
  "baseline": {
    "avg_delta_g_abs": 0.3340179641405233,
    "avg_stability": 0.8391295732884041,
    "avg_synth": 0.9273490304605962,
    "success_rate": 0.0
  },
  "ours": {
    "avg_delta_g_abs": 0.019447144742814552,
    "avg_stability": 0.8416734888872126,
    "avg_synth": 0.9455857804377501,
    "success_rate": 1.0
  },
  "num_saved_structures": 10
}